case,cells_across,nominal_h_m,nodes,potential_relative_error,capacitance,exact_capacitance,capacitance_units,relative_capacitance_error,relative_energy_error
capacitor_1d,8,0.00125,17,1.3322676295501878e-15,1.7708375625599953e-09,1.77083756376e-09,F/m^2,6.776481598080863e-10,6.776454952728272e-10
capacitor_2d,8,0.00125,122,1.1546319456101628e-15,8.854187812800023e-12,8.8541878188e-12,F/m,6.776428307375681e-10,6.776454952728272e-10
space_charge_1d,8,0.00125,17,0.0039062494370084903,,,,,
capacitor_1d,16,0.000625,33,3.197442310920451e-15,1.7708375625600483e-09,1.77083756376e-09,F/m^2,6.776181837864215e-10,6.776454952728272e-10
capacitor_2d,16,0.000625,302,1.0658141036401502e-15,8.85418781280003e-12,8.8541878188e-12,F/m,6.776421646037534e-10,6.776454952728272e-10
space_charge_1d,16,0.000625,33,0.0009765619338835137,,,,,
capacitor_1d,32,0.0003125,65,9.059419880941277e-15,1.7708375625600799e-09,1.77083756376e-09,F/m^2,6.776004202180275e-10,6.776452732282223e-10
capacitor_2d,32,0.0003125,864,5.950795411990839e-15,8.854187812799828e-12,8.8541878188e-12,F/m,6.776649241757582e-10,6.776454952728272e-10
space_charge_1d,32,0.0003125,65,0.0002441400599816801,,,,,
